decimalLatitude,decimalLongitude,coordinateUncertaintyInMeters,month,year,day,decade,lat_grid,lon_grid,phylum_enc,class_enc,order_enc,family_enc,taxonRank_enc,basisOfRecord_enc,season_enc,species_richness,TARGET_individualCount
17.366671,73.73333,3.06,12,1914,11,1910,17.4,73.7,2,9,16,50,4,3,3,51,1.0
17.366671,73.73333,3.06,12,1914,11,1910,17.4,73.7,2,9,16,50,4,3,3,51,1.0
17.554167,73.82,1000.0,8,2022,1,2020,17.6,73.8,2,10,23,24,1,1,0,37,1.0
17.554167,73.82,1000.0,8,2022,1,2020,17.6,73.8,2,10,23,24,1,1,0,37,2.0
17.720001,73.82278,1000.0,4,2016,13,2010,17.7,73.8,4,12,11,4,1,1,2,40,8.0
17.720001,73.82278,1000.0,4,2016,13,2010,17.7,73.8,4,12,11,4,1,1,2,40,1.0
17.72236,73.81164,1000.0,7,1954,20,1950,17.7,73.8,4,12,11,39,4,1,0,40,1.0
17.539956,73.515228,3729.0,1,2025,7,2020,17.5,73.5,2,12,8,18,4,3,3,37,1.0
17.432777,73.708885,1000.0,7,2017,1,2010,17.4,73.7,1,8,9,23,4,1,0,51,6.0
17.432777,73.708885,1000.0,7,2017,1,2010,17.4,73.7,1,8,9,23,4,1,0,51,1.0
17.68,73.52,1000.0,3,2014,21,2010,17.7,73.5,2,12,14,12,4,1,2,7,1.0
17.68,73.52,1000.0,3,2014,21,2010,17.7,73.5,2,12,14,12,4,1,2,7,1.0
17.413,73.731,1000.0,9,2018,12,2010,17.4,73.7,2,10,23,24,4,1,0,51,1.0
17.413,73.731,1000.0,9,2018,12,2010,17.4,73.7,2,10,23,24,4,1,0,51,1.0
17.3833,73.7167,1000.0,12,1914,8,1910,17.4,73.7,2,9,15,10,4,3,3,51,1.0
17.410446,73.72673,1000.0,9,2003,18,2000,17.4,73.7,2,10,23,15,4,1,0,51,1.0
17.405066,73.73831,1000.0,8,2007,25,2000,17.4,73.7,2,0,2,19,4,1,0,51,1.0
17.718817,73.831252,1000.0,8,2013,2,2010,17.7,73.8,4,12,11,4,1,1,0,40,1.0
17.377968,73.724395,3.06,9,2012,23,2010,17.4,73.7,2,9,16,50,4,3,0,51,1.0
17.42749,73.733766,1000.0,1,1964,22,1960,17.4,73.7,2,10,23,24,4,1,3,51,1.0
17.551784,73.5138,3729.0,10,2024,10,2020,17.6,73.5,2,12,8,18,4,3,1,29,1.0
17.350822,73.71776,3.06,1,2016,13,2010,17.4,73.7,2,9,16,50,4,3,3,51,1.0
17.449916,73.707672,1000.0,7,2024,11,2020,17.4,73.7,1,8,9,23,4,1,0,51,6.0
17.34722,73.726602,3.06,9,2011,13,2010,17.3,73.7,2,9,16,50,4,3,0,1,1.0
17.416976,73.738997,1000.0,11,2015,19,2010,17.4,73.7,2,0,2,19,4,1,1,51,1.0
17.73631,73.810032,1000.0,9,1962,7,1960,17.7,73.8,4,12,11,39,4,1,0,40,1.0
17.417271,73.721342,1000.0,8,2025,13,2020,17.4,73.7,2,10,23,24,4,1,0,51,1.0
17.707266,73.82925,1000.0,1,2022,10,2020,17.7,73.8,4,12,11,4,1,1,3,40,1.0
17.548899,73.802907,1000.0,9,2016,10,2010,17.5,73.8,2,10,23,24,1,1,0,20,2.0
17.541987,73.819232,1000.0,12,1962,30,1960,17.5,73.8,2,10,23,24,1,1,3,20,2.0
17.431501,73.727501,1000.0,12,2022,5,2020,17.4,73.7,1,8,9,23,4,1,3,51,1.0
17.736413,73.804256,1000.0,10,1962,12,1960,17.7,73.8,4,12,11,39,4,1,1,40,1.0
17.568047,73.815807,1000.0,10,2022,25,2020,17.6,73.8,2,10,23,24,1,1,1,37,2.0
17.372902,73.740729,3.06,1,2021,12,2020,17.4,73.7,2,9,16,50,4,3,3,51,1.0
17.56884,73.828274,1000.0,9,1991,8,1990,17.6,73.8,2,10,23,24,1,1,0,37,2.0
17.408472,73.716665,1000.0,9,2013,28,2010,17.4,73.7,2,10,23,24,4,1,0,51,1.0
17.35074,73.721698,3.06,1,2011,28,2010,17.4,73.7,2,9,16,50,4,3,3,51,1.0
17.73263,73.819798,1000.0,1,1961,30,1960,17.7,73.8,4,12,11,4,1,1,3,40,1.0
17.419164,73.731112,1000.0,9,2016,10,2010,17.4,73.7,2,10,23,24,4,1,0,51,1.0
17.403893,73.742232,1000.0,11,2004,28,2000,17.4,73.7,2,10,23,24,4,1,1,51,1.0
17.695841,73.536025,1000.0,8,2003,10,2000,17.7,73.5,2,12,14,12,4,1,0,7,1.0
17.375515,73.750782,3.06,7,2013,25,2010,17.4,73.8,2,9,16,50,4,3,0,31,1.0
17.423514,73.74051,1000.0,9,1962,31,1960,17.4,73.7,2,10,23,24,4,1,0,51,1.0
17.5577,73.505457,3729.0,3,2015,13,2010,17.6,73.5,2,12,8,18,4,3,2,29,1.0
17.536456,73.533275,3729.0,7,2016,29,2010,17.5,73.5,2,12,8,18,4,3,0,37,1.0
17.346847,73.738538,3.06,12,2012,15,2010,17.3,73.7,2,9,16,50,4,3,3,1,1.0
17.664829,73.53533,1000.0,10,2021,22,2020,17.7,73.5,2,12,14,12,4,1,1,7,1.0
17.716201,73.837568,1000.0,12,1962,29,1960,17.7,73.8,4,12,11,4,1,1,3,40,8.0
17.668974,73.519429,1000.0,10,2010,7,2010,17.7,73.5,2,12,14,12,4,1,1,7,1.0
17.420594,73.750561,1000.0,9,2019,8,2010,17.4,73.8,2,10,23,24,4,1,0,31,1.0
17.433496,73.71976,1000.0,10,2016,13,2010,17.4,73.7,1,8,9,23,4,1,1,51,6.0
17.393482,73.721311,1000.0,7,1962,7,1960,17.4,73.7,2,9,15,10,4,3,0,51,1.0
17.664392,73.52813,1000.0,9,2008,10,2000,17.7,73.5,2,12,14,12,4,1,0,7,1.0
17.410516,73.707418,1000.0,7,1957,27,1950,17.4,73.7,2,10,23,15,4,1,0,51,1.0
17.386279,73.724411,1000.0,7,2024,30,2020,17.4,73.7,2,9,15,10,4,3,0,51,1.0
17.681029,73.515627,1000.0,7,1962,29,1960,17.7,73.5,2,12,14,12,4,1,0,7,1.0
17.388931,73.699641,1000.0,7,2007,7,2000,17.4,73.7,2,9,15,10,4,3,0,51,1.0
17.720309,73.823301,1000.0,6,1962,27,1960,17.7,73.8,4,12,11,4,1,1,0,40,8.0
17.349998,73.733031,3.06,12,1989,15,1980,17.3,73.7,2,9,16,50,4,3,3,1,1.0
17.719205,73.8147,1000.0,7,2012,5,2010,17.7,73.8,4,12,11,4,1,1,0,40,1.0
17.417707,73.695308,1000.0,7,2012,10,2010,17.4,73.7,1,8,9,23,4,1,0,51,6.0
17.67469,73.520145,1000.0,1,1997,13,1990,17.7,73.5,2,12,14,12,4,1,3,7,1.0
17.385215,73.75131,3.06,8,2018,17,2010,17.4,73.8,2,9,16,50,4,3,0,31,1.0
17.35367,73.733115,3.06,1,2022,28,2020,17.4,73.7,2,9,16,50,4,3,3,51,1.0
17.383774,73.732527,3.06,4,1962,11,1960,17.4,73.7,2,9,16,50,4,3,2,51,1.0
17.723078,73.814173,1000.0,1,2012,17,2010,17.7,73.8,4,12,11,4,1,1,3,40,8.0
17.425057,73.689453,1000.0,1,2013,7,2010,17.4,73.7,1,8,9,23,4,1,3,51,1.0
17.703574,73.832446,1000.0,12,1963,13,1960,17.7,73.8,4,12,11,4,1,1,3,40,8.0
17.350333,73.746166,3.06,11,1962,8,1960,17.4,73.7,2,9,16,50,4,3,1,51,1.0
17.421593,73.713351,1000.0,6,2016,25,2010,17.4,73.7,2,10,23,15,4,1,0,51,1.0
17.369915,73.722903,1000.0,4,2003,28,2000,17.4,73.7,2,9,15,10,4,3,2,51,1.0
17.72579,73.838945,1000.0,12,2012,4,2010,17.7,73.8,4,12,11,4,1,1,3,40,8.0
17.717658,73.823965,1000.0,9,2025,13,2020,17.7,73.8,4,12,11,39,4,1,0,40,1.0
17.570854,73.838892,1000.0,11,2023,23,2020,17.6,73.8,2,10,23,24,1,1,1,37,2.0
17.672905,73.534669,1000.0,1,2021,23,2020,17.7,73.5,2,12,14,12,4,1,3,7,1.0
17.696558,73.52051,1000.0,1,2021,6,2020,17.7,73.5,2,12,14,12,4,1,3,7,1.0
17.405905,73.727925,1000.0,10,2022,7,2020,17.4,73.7,2,10,23,24,4,1,1,51,1.0
17.429748,73.704636,1000.0,10,2021,25,2020,17.4,73.7,1,8,9,23,4,1,1,51,6.0
17.40256,73.730702,1000.0,7,2010,18,2010,17.4,73.7,2,9,15,10,4,3,0,51,1.0
17.395797,73.724827,1000.0,11,2020,27,2020,17.4,73.7,2,0,2,19,4,1,1,51,1.0
17.661291,73.518267,1000.0,10,2011,16,2010,17.7,73.5,2,12,14,12,4,1,1,7,1.0
17.545539,73.826185,1000.0,9,2024,27,2020,17.5,73.8,2,10,23,24,1,1,0,20,1.0
17.672883,73.532897,1000.0,10,2007,27,2000,17.7,73.5,2,12,14,12,4,1,1,7,1.0
17.394281,73.725319,1000.0,12,2025,2,2020,17.4,73.7,2,10,23,24,4,1,3,51,1.0
17.566261,73.823463,1000.0,7,2008,6,2000,17.6,73.8,2,10,23,24,1,1,0,37,1.0
17.573915,73.807436,1000.0,6,2016,13,2010,17.6,73.8,2,10,23,24,1,1,0,37,2.0
17.403863,73.745036,1000.0,12,1989,12,1980,17.4,73.7,2,10,23,15,4,1,3,51,1.0
17.716772,73.82186,1000.0,11,2011,1,2010,17.7,73.8,4,12,11,4,1,1,1,40,8.0
17.67228,73.528008,1000.0,10,2003,31,2000,17.7,73.5,2,12,14,12,4,1,1,7,1.0
17.417461,73.705668,1000.0,12,2013,8,2010,17.4,73.7,1,8,9,23,4,1,3,51,1.0
17.423451,73.724746,1000.0,11,1952,26,1950,17.4,73.7,2,10,23,24,4,1,1,51,1.0
17.369054,73.751432,3.06,12,2015,19,2010,17.4,73.8,2,9,16,50,4,3,3,31,1.0
17.419022,73.717065,1000.0,9,2014,7,2010,17.4,73.7,2,10,23,24,4,1,0,51,1.0
17.387398,73.717862,1000.0,8,2011,17,2010,17.4,73.7,2,9,15,10,4,3,0,51,1.0
17.386322,73.721159,3.06,11,2015,7,2010,17.4,73.7,2,9,16,50,4,3,1,51,1.0
17.384757,73.702663,1000.0,12,2025,17,2020,17.4,73.7,2,9,15,10,4,3,3,51,1.0
17.728254,73.806353,1000.0,9,2020,22,2020,17.7,73.8,4,12,11,4,1,1,0,40,1.0
17.441585,73.722404,1000.0,6,1964,25,1960,17.4,73.7,1,8,9,23,4,1,0,51,6.0
17.716041,73.827881,1000.0,10,2003,10,2000,17.7,73.8,4,12,11,4,1,1,1,40,8.0
17.424603,73.742313,1000.0,12,2019,27,2010,17.4,73.7,2,0,2,19,4,1,3,51,1.0
17.433814,73.72476,1000.0,9,2012,17,2010,17.4,73.7,1,8,9,23,4,1,0,51,1.0
17.424517,73.715238,1000.0,10,2013,18,2010,17.4,73.7,2,10,23,24,4,1,1,51,1.0
17.570715,73.821736,1000.0,1,2011,7,2010,17.6,73.8,2,10,23,24,1,1,3,37,1.0
17.379649,73.752571,3.06,12,2013,13,2010,17.4,73.8,2,9,16,50,4,3,3,31,1.0
17.403503,73.749178,1000.0,5,2025,12,2020,17.4,73.7,2,10,23,24,4,1,2,51,1.0
17.376837,73.697401,1000.0,11,1962,19,1960,17.4,73.7,2,9,15,10,4,3,1,51,1.0
17.694565,73.521012,1000.0,11,1962,12,1960,17.7,73.5,2,12,14,12,4,1,1,7,1.0
17.421317,73.730816,1000.0,10,2020,23,2020,17.4,73.7,2,10,23,15,4,1,1,51,1.0
17.730345,73.820043,1000.0,12,1957,12,1950,17.7,73.8,4,12,11,4,1,1,3,40,8.0
17.678948,73.502084,1000.0,9,2013,7,2010,17.7,73.5,2,12,14,12,4,1,0,7,1.0
17.717822,73.82574,1000.0,4,2003,13,2000,17.7,73.8,4,12,11,39,4,1,2,40,1.0
17.730752,73.812645,1000.0,11,2015,10,2010,17.7,73.8,4,12,11,4,1,1,1,40,8.0
17.393076,73.720408,1000.0,10,2016,10,2010,17.4,73.7,2,10,23,24,4,1,1,51,1.0
17.567428,73.821,1000.0,1,2021,13,2020,17.6,73.8,2,10,23,24,1,1,3,37,2.0
17.674661,73.525879,1000.0,10,2011,18,2010,17.7,73.5,2,12,14,12,4,1,1,7,1.0
17.672103,73.510428,1000.0,7,2015,12,2010,17.7,73.5,2,12,14,12,4,1,0,7,1.0
17.679,73.507295,1000.0,3,2018,22,2010,17.7,73.5,2,12,14,12,4,1,2,7,1.0
17.533065,73.500766,3729.0,10,2019,18,2010,17.5,73.5,2,12,8,18,4,3,1,37,1.0
17.739092,73.824951,1000.0,1,2025,17,2020,17.7,73.8,4,12,11,4,1,1,3,40,8.0
17.357999,73.734081,3.06,3,2022,17,2020,17.4,73.7,2,9,16,50,4,3,2,51,1.0
17.429461,73.721499,1000.0,1,2023,8,2020,17.4,73.7,2,10,23,15,4,1,3,51,1.0
17.712967,73.82061,1000.0,10,2022,24,2020,17.7,73.8,4,12,11,39,4,1,1,40,1.0
17.394198,73.714124,1000.0,7,2016,18,2010,17.4,73.7,2,10,23,24,4,1,0,51,1.0
17.420263,73.715438,1000.0,11,2003,23,2000,17.4,73.7,1,8,9,23,4,1,1,51,6.0
17.398646,73.703077,1000.0,11,2008,7,2000,17.4,73.7,2,9,15,10,4,3,1,51,1.0
17.730983,73.813539,1000.0,12,2025,11,2020,17.7,73.8,4,12,11,4,1,1,3,40,1.0
17.677209,73.532656,1000.0,5,1962,19,1960,17.7,73.5,2,12,14,12,4,1,2,7,1.0
17.443213,73.706678,1000.0,8,2016,7,2010,17.4,73.7,1,8,9,23,4,1,0,51,6.0
17.567396,73.834918,1000.0,12,1962,2,1960,17.6,73.8,2,10,23,24,1,1,3,37,1.0
17.402001,73.71683,1000.0,12,1989,5,1980,17.4,73.7,2,10,23,15,4,1,3,51,1.0
17.732668,73.81712,1000.0,8,2014,25,2010,17.7,73.8,4,12,11,39,4,1,0,40,1.0
17.668995,73.505959,1000.0,9,2021,17,2020,17.7,73.5,2,12,14,12,4,1,0,7,1.0
17.393527,73.720953,1000.0,1,2019,25,2010,17.4,73.7,2,0,2,19,4,1,3,51,1.0
17.375513,73.697921,1000.0,10,1997,22,1990,17.4,73.7,2,9,15,10,4,3,1,51,1.0
17.539035,73.817585,1000.0,9,2005,7,2000,17.5,73.8,2,10,23,24,1,1,0,20,2.0
17.374389,73.73264,3.06,11,1962,13,1960,17.4,73.7,2,9,16,50,4,3,1,51,1.0
17.440713,73.722815,1000.0,12,2011,23,2010,17.4,73.7,1,8,9,23,4,1,3,51,1.0
17.352711,73.748173,3.06,7,2015,15,2010,17.4,73.7,2,9,16,50,4,3,0,51,1.0
17.428367,73.711938,1000.0,8,2022,3,2020,17.4,73.7,1,8,9,23,4,1,0,51,6.0
17.557354,73.818036,1000.0,5,2022,15,2020,17.6,73.8,2,10,23,24,1,1,2,37,2.0
17.661336,73.535808,1000.0,1,2019,7,2010,17.7,73.5,2,12,14,12,4,1,3,7,1.0
17.703111,73.803743,1000.0,6,2022,3,2020,17.7,73.8,4,12,11,4,1,1,0,40,1.0
17.708061,73.811331,1000.0,7,1954,2,1950,17.7,73.8,4,12,11,39,4,1,0,40,1.0
17.438699,73.707531,1000.0,10,2003,16,2000,17.4,73.7,1,8,9,23,4,1,1,51,6.0
17.420896,73.72363,1000.0,9,2008,25,2000,17.4,73.7,2,10,23,15,4,1,0,51,1.0
17.419575,73.722124,1000.0,12,2022,17,2020,17.4,73.7,2,0,2,19,4,1,3,51,1.0
17.387491,73.721884,1000.0,5,2023,27,2020,17.4,73.7,2,0,2,19,4,1,2,51,1.0
17.556296,73.808095,1000.0,4,2022,3,2020,17.6,73.8,2,10,23,24,1,1,2,37,2.0
17.729915,73.840464,1000.0,7,2023,2,2020,17.7,73.8,4,12,11,4,1,1,0,40,8.0
17.54273,73.515084,3729.0,9,1989,27,1980,17.5,73.5,2,12,8,18,4,3,0,37,1.0
17.398577,73.731653,1000.0,1,2015,7,2010,17.4,73.7,2,10,23,24,4,1,3,51,1.0
17.429187,73.721341,1000.0,7,1959,23,1950,17.4,73.7,1,8,9,23,4,1,0,51,6.0
17.380348,73.716795,3.06,12,1962,15,1960,17.4,73.7,2,9,16,50,4,3,3,51,1.0
17.661848,73.530978,1000.0,10,2015,1,2010,17.7,73.5,2,12,14,12,4,1,1,7,1.0
17.67432,73.506143,1000.0,6,2018,5,2010,17.7,73.5,2,12,14,12,4,1,0,7,1.0
17.539773,73.806309,1000.0,9,1964,5,1960,17.5,73.8,2,10,23,24,1,1,0,20,2.0
17.372754,73.713716,3.06,7,1963,9,1960,17.4,73.7,2,9,16,50,4,3,0,51,1.0
17.422697,73.737681,1000.0,10,2014,20,2010,17.4,73.7,2,10,23,24,4,1,1,51,1.0
17.401877,73.754926,1000.0,12,1957,7,1950,17.4,73.8,2,0,2,19,4,1,3,31,1.0
17.418652,73.724471,1000.0,11,1914,27,1910,17.4,73.7,2,10,23,24,4,1,1,51,1.0
17.400651,73.711844,1000.0,7,2016,13,2010,17.4,73.7,2,9,15,10,4,3,0,51,1.0
17.40978,73.733074,1000.0,12,2023,23,2020,17.4,73.7,2,10,23,24,4,1,3,51,1.0
17.348544,73.734542,3.06,8,2008,10,2000,17.3,73.7,2,9,16,50,4,3,0,1,1.0
17.70734,73.802112,1000.0,12,2008,23,2000,17.7,73.8,4,12,11,39,4,1,3,40,1.0
17.364932,73.738087,3.06,7,2015,6,2010,17.4,73.7,2,9,16,50,4,3,0,51,1.0
17.416059,73.718633,1000.0,4,2021,6,2020,17.4,73.7,2,10,23,24,4,1,2,51,1.0
17.542192,73.524664,3729.0,11,2018,1,2010,17.5,73.5,2,12,8,18,4,3,1,37,1.0
17.687187,73.503143,1000.0,8,2021,14,2020,17.7,73.5,2,12,14,12,4,1,0,7,1.0
17.417264,73.716419,1000.0,12,2022,18,2020,17.4,73.7,2,10,23,15,4,1,3,51,1.0
17.359017,73.73562,3.06,11,2022,20,2020,17.4,73.7,2,9,16,50,4,3,1,51,1.0
17.534997,73.833481,1000.0,8,2015,7,2010,17.5,73.8,2,10,23,24,1,1,0,20,2.0
17.429905,73.731788,1000.0,12,2022,18,2020,17.4,73.7,2,10,23,24,4,1,3,51,1.0
17.430164,73.732489,1000.0,1,1962,20,1960,17.4,73.7,2,10,23,24,4,1,3,51,1.0
17.375898,73.74053,3.06,10,2016,25,2010,17.4,73.7,2,9,16,50,4,3,1,51,1.0
17.706817,73.808173,1000.0,4,2013,18,2010,17.7,73.8,4,12,11,4,1,1,2,40,1.0
17.673086,73.50787,1000.0,12,2022,23,2020,17.7,73.5,2,12,14,12,4,1,3,7,1.0
17.415038,73.710786,1000.0,12,2022,25,2020,17.4,73.7,2,10,23,15,4,1,3,51,1.0
17.675771,73.538846,1000.0,7,2015,29,2010,17.7,73.5,2,12,14,12,4,1,0,7,1.0
17.423353,73.718823,1000.0,7,2016,25,2010,17.4,73.7,2,10,23,24,4,1,0,51,1.0
17.395073,73.749255,1000.0,12,2022,3,2020,17.4,73.7,2,10,23,24,4,1,3,51,1.0
17.38579,73.749836,3.06,7,2013,22,2010,17.4,73.7,2,9,16,50,4,3,0,51,1.0
17.563028,73.81341,1000.0,7,2023,3,2020,17.6,73.8,2,10,23,24,1,1,0,37,1.0
17.415173,73.733151,1000.0,10,2016,13,2010,17.4,73.7,2,10,23,15,4,1,1,51,1.0
17.573535,73.810653,1000.0,11,2021,14,2020,17.6,73.8,2,10,23,24,1,1,1,37,1.0
17.393672,73.699727,1000.0,7,1953,3,1950,17.4,73.7,2,9,15,10,4,3,0,51,1.0
17.397529,73.74631,1000.0,7,2006,25,2000,17.4,73.7,2,10,23,24,4,1,0,51,1.0
17.547857,73.804491,1000.0,12,2024,10,2020,17.5,73.8,2,10,23,24,1,1,3,20,1.0
17.426134,73.714333,1000.0,10,1962,18,1960,17.4,73.7,1,8,9,23,4,1,1,51,6.0
17.403902,73.708704,1000.0,5,2017,22,2010,17.4,73.7,2,10,23,15,4,1,2,51,1.0
17.395668,73.738589,1000.0,12,2007,20,2000,17.4,73.7,2,10,23,24,4,1,3,51,1.0
17.556228,73.800207,1000.0,9,2003,13,2000,17.6,73.8,2,10,23,24,1,1,0,37,2.0
17.572396,73.833458,1000.0,5,1963,7,1960,17.6,73.8,2,10,23,24,1,1,2,37,1.0
17.553413,73.810028,1000.0,8,1957,29,1950,17.6,73.8,2,10,23,24,1,1,0,37,1.0
17.704901,73.836594,1000.0,10,2013,23,2010,17.7,73.8,4,12,11,4,1,1,1,40,1.0
17.379749,73.716939,1000.0,10,1964,7,1960,17.4,73.7,2,9,15,10,4,3,1,51,1.0
17.428511,73.716869,1000.0,12,2018,18,2010,17.4,73.7,2,10,23,24,4,1,3,51,1.0
17.377575,73.753203,3.06,7,1962,7,1960,17.4,73.8,2,9,16,50,4,3,0,31,1.0
17.39075,73.710852,1000.0,11,2020,28,2020,17.4,73.7,2,10,23,15,4,1,1,51,1.0
17.445743,73.710318,1000.0,6,2011,17,2010,17.4,73.7,1,8,9,23,4,1,0,51,6.0
17.672951,73.517389,1000.0,6,2025,13,2020,17.7,73.5,2,12,14,12,4,1,0,7,1.0
17.544568,73.806717,1000.0,10,2016,9,2010,17.5,73.8,2,10,23,24,1,1,1,20,1.0
17.394267,73.745028,1000.0,12,2022,18,2020,17.4,73.7,2,10,23,24,4,1,3,51,1.0
17.389665,73.724456,1000.0,12,2014,11,2010,17.4,73.7,2,0,2,19,4,1,3,51,1.0
17.445278,73.698166,1000.0,12,2008,18,2000,17.4,73.7,1,8,9,23,4,1,3,51,6.0
17.379743,73.705532,1000.0,7,2016,16,2010,17.4,73.7,2,9,15,10,4,3,0,51,1.0
17.528676,73.500475,3729.0,6,2013,20,2010,17.5,73.5,2,12,8,18,4,3,0,37,1.0
17.736513,73.807429,1000.0,9,2004,28,2000,17.7,73.8,4,12,11,4,1,1,0,40,8.0
17.730442,73.813258,1000.0,5,2015,10,2010,17.7,73.8,4,12,11,39,4,1,2,40,1.0
17.729735,73.827428,1000.0,12,2016,10,2010,17.7,73.8,4,12,11,39,4,1,3,40,1.0
17.392715,73.736598,1000.0,7,2024,20,2020,17.4,73.7,2,9,15,10,4,3,0,51,1.0
17.536345,73.813426,1000.0,12,2003,17,2000,17.5,73.8,2,10,23,24,1,1,3,20,2.0
17.542863,73.814119,1000.0,7,2024,7,2020,17.5,73.8,2,10,23,24,1,1,0,20,2.0
17.661766,73.515058,1000.0,7,2016,27,2010,17.7,73.5,2,12,14,12,4,1,0,7,1.0
17.37946,73.734651,3.06,2,1962,23,1960,17.4,73.7,2,9,16,50,4,3,3,51,1.0
17.712378,73.83469,1000.0,9,2010,13,2010,17.7,73.8,4,12,11,4,1,1,0,40,1.0
17.687783,73.534481,1000.0,4,2015,7,2010,17.7,73.5,2,12,14,12,4,1,2,7,1.0
17.684812,73.523927,1000.0,5,2025,26,2020,17.7,73.5,2,12,14,12,4,1,2,7,1.0
17.402332,73.716423,1000.0,7,1962,15,1960,17.4,73.7,2,10,23,24,4,1,0,51,1.0
17.687791,73.506298,1000.0,10,2013,5,2010,17.7,73.5,2,12,14,12,4,1,1,7,1.0
17.726339,73.8384,1000.0,11,1957,25,1950,17.7,73.8,4,12,11,4,1,1,1,40,1.0
17.354214,73.71471,3.06,10,2024,23,2020,17.4,73.7,2,9,16,50,4,3,1,51,1.0
17.383306,73.714406,3.06,12,2022,27,2020,17.4,73.7,2,9,16,50,4,3,3,51,1.0
17.411252,73.730618,1000.0,12,2014,25,2010,17.4,73.7,2,10,23,24,4,1,3,51,1.0
17.709774,73.820395,1000.0,10,2020,8,2020,17.7,73.8,4,12,11,4,1,1,1,40,8.0
17.676281,73.52947,1000.0,8,2021,23,2020,17.7,73.5,2,12,14,12,4,1,0,7,1.0
17.556763,73.808842,1000.0,4,2022,7,2020,17.6,73.8,2,10,23,24,1,1,2,37,2.0
17.353245,73.736467,3.06,9,1962,31,1960,17.4,73.7,2,9,16,50,4,3,0,51,1.0
17.540035,73.820476,1000.0,8,2018,7,2010,17.5,73.8,2,10,23,24,1,1,0,20,2.0
17.665052,73.534088,1000.0,11,2003,17,2000,17.7,73.5,2,12,14,12,4,1,1,7,1.0
17.556596,73.806374,1000.0,1,2019,23,2010,17.6,73.8,2,10,23,24,1,1,3,37,1.0
17.419125,73.714924,1000.0,10,1959,21,1950,17.4,73.7,2,10,23,24,4,1,1,51,1.0
17.728086,73.829797,1000.0,8,2016,15,2010,17.7,73.8,4,12,11,4,1,1,0,40,1.0
17.423467,73.699529,1000.0,12,2003,7,2000,17.4,73.7,1,8,9,23,4,1,3,51,6.0
17.738232,73.833398,1000.0,7,2024,27,2020,17.7,73.8,4,12,11,4,1,1,0,40,1.0
17.542144,73.839328,1000.0,10,2024,27,2020,17.5,73.8,2,10,23,24,1,1,1,20,2.0
17.415193,73.735472,1000.0,1,2013,1,2010,17.4,73.7,2,10,23,24,4,1,3,51,1.0
17.723278,73.833748,1000.0,11,2012,13,2010,17.7,73.8,4,12,11,4,1,1,1,40,1.0
17.725064,73.833293,1000.0,9,2019,10,2010,17.7,73.8,4,12,11,4,1,1,0,40,1.0
17.705942,73.823595,1000.0,12,2021,21,2020,17.7,73.8,4,12,11,39,4,1,3,40,1.0
17.687137,73.525881,1000.0,12,2003,29,2000,17.7,73.5,2,12,14,12,4,1,3,7,1.0
17.672076,73.532807,1000.0,8,2003,31,2000,17.7,73.5,2,12,14,12,4,1,0,7,1.0
17.424653,73.717177,1000.0,2,2024,13,2020,17.4,73.7,2,10,23,24,4,1,3,51,1.0
17.527858,73.526409,3729.0,7,2021,3,2020,17.5,73.5,2,12,8,18,4,3,0,37,1.0
17.534625,73.803256,1000.0,6,2004,18,2000,17.5,73.8,2,10,23,24,1,1,0,20,1.0
17.707921,73.792515,1000.0,6,1953,11,1950,17.7,73.8,4,12,11,39,4,1,0,40,1.0
17.568757,73.821644,1000.0,7,2013,8,2010,17.6,73.8,2,10,23,24,1,1,0,37,1.0
17.416816,73.751888,1000.0,11,2018,23,2010,17.4,73.8,2,0,2,19,4,1,1,31,1.0
17.443412,73.724865,1000.0,3,2023,28,2020,17.4,73.7,1,8,9,23,4,1,2,51,6.0
17.421915,73.71091,1000.0,10,2011,10,2010,17.4,73.7,1,8,9,23,4,1,1,51,6.0
17.413305,73.722945,1000.0,5,2015,11,2010,17.4,73.7,2,10,23,24,4,1,2,51,1.0
17.40244,73.722959,1000.0,9,2019,17,2010,17.4,73.7,2,10,23,24,4,1,0,51,1.0
17.421952,73.744995,1000.0,10,1962,23,1960,17.4,73.7,2,10,23,15,4,1,1,51,1.0
17.361414,73.724654,3.06,9,2015,14,2010,17.4,73.7,2,9,16,50,4,3,0,51,1.0
17.369485,73.707941,1000.0,12,2011,27,2010,17.4,73.7,2,9,15,10,4,3,3,51,1.0
17.421982,73.693606,1000.0,10,2014,7,2010,17.4,73.7,1,8,9,23,4,1,1,51,6.0
17.728238,73.801253,1000.0,9,2013,21,2010,17.7,73.8,4,12,11,39,4,1,0,40,1.0
17.732058,73.829399,1000.0,12,2024,26,2020,17.7,73.8,4,12,11,39,4,1,3,40,1.0
17.413742,73.742836,1000.0,1,2008,1,2000,17.4,73.7,2,0,2,19,4,1,3,51,1.0
17.713426,73.805242,1000.0,12,2013,2,2010,17.7,73.8,4,12,11,4,1,1,3,40,8.0
17.541063,73.82936,1000.0,12,2011,17,2010,17.5,73.8,2,10,23,24,1,1,3,20,1.0
17.419114,73.700295,1000.0,10,1957,28,1950,17.4,73.7,1,8,9,23,4,1,1,51,1.0
17.694596,73.534701,1000.0,12,1962,18,1960,17.7,73.5,2,12,14,12,4,1,3,7,1.0
17.731245,73.824914,1000.0,9,2016,7,2010,17.7,73.8,4,12,11,4,1,1,0,40,1.0
17.545409,73.511539,3729.0,12,2023,18,2020,17.5,73.5,2,12,8,18,4,3,3,37,1.0
17.556457,73.814728,1000.0,5,2015,27,2010,17.6,73.8,2,10,23,24,1,1,2,37,2.0
17.368297,73.718373,1000.0,7,1914,12,1910,17.4,73.7,2,9,15,10,4,3,0,51,1.0
17.363433,73.749527,3.06,6,2022,22,2020,17.4,73.7,2,9,16,50,4,3,0,51,1.0
17.699265,73.534221,1000.0,5,2013,30,2010,17.7,73.5,2,12,14,12,4,1,2,7,1.0
17.426728,73.698281,1000.0,11,2012,13,2010,17.4,73.7,1,8,9,23,4,1,1,51,1.0
17.367119,73.714766,3.06,9,1962,19,1960,17.4,73.7,2,9,16,50,4,3,0,51,1.0
17.540052,73.809898,1000.0,9,2023,12,2020,17.5,73.8,2,10,23,24,1,1,0,20,1.0
17.44911,73.716706,1000.0,8,2012,28,2010,17.4,73.7,1,8,9,23,4,1,0,51,1.0
17.739877,73.805138,1000.0,10,2024,1,2020,17.7,73.8,4,12,11,39,4,1,1,40,1.0
17.420963,73.735654,1000.0,12,2003,28,2000,17.4,73.7,2,10,23,24,4,1,3,51,1.0
17.349663,73.741433,3.06,10,2003,22,2000,17.3,73.7,2,9,16,50,4,3,1,1,1.0
17.428051,73.716409,1000.0,12,2025,15,2020,17.4,73.7,1,8,9,23,4,1,3,51,1.0
17.3959,73.742475,1000.0,12,2018,16,2010,17.4,73.7,2,10,23,15,4,1,3,51,1.0
17.422892,73.710778,1000.0,7,2019,17,2010,17.4,73.7,1,8,9,23,4,1,0,51,1.0
17.420956,73.706112,1000.0,5,1997,10,1990,17.4,73.7,1,8,9,23,4,1,2,51,1.0
17.439622,73.708059,1000.0,12,2022,28,2020,17.4,73.7,1,8,9,23,4,1,3,51,1.0
17.429943,73.697998,1000.0,7,2016,7,2010,17.4,73.7,1,8,9,23,4,1,0,51,1.0
17.41783,73.694215,1000.0,8,2022,18,2020,17.4,73.7,1,8,9,23,4,1,0,51,6.0
17.526354,73.517801,3729.0,4,1989,27,1980,17.5,73.5,2,12,8,18,4,3,2,37,1.0
17.400523,73.72961,1000.0,7,2012,1,2010,17.4,73.7,2,0,2,19,4,1,0,51,1.0
17.413197,73.697132,1000.0,12,2011,8,2010,17.4,73.7,1,8,9,23,4,1,3,51,1.0
17.398566,73.740778,1000.0,2,2014,23,2010,17.4,73.7,2,10,23,24,4,1,3,51,1.0
17.350116,73.743292,3.06,11,2018,22,2010,17.4,73.7,2,9,16,50,4,3,1,51,1.0
17.394238,73.711713,1000.0,9,2022,7,2020,17.4,73.7,2,10,23,24,4,1,0,51,1.0
17.376847,73.747173,3.06,12,2012,3,2010,17.4,73.7,2,9,16,50,4,3,3,51,1.0
17.437116,73.713377,1000.0,8,2025,17,2020,17.4,73.7,1,8,9,23,4,1,0,51,6.0
17.666443,73.50488,1000.0,10,1962,28,1960,17.7,73.5,2,12,14,12,4,1,1,7,1.0
17.554315,73.515481,3729.0,9,2003,20,2000,17.6,73.5,2,12,8,18,4,3,0,29,1.0
17.436016,73.709634,1000.0,10,2022,27,2020,17.4,73.7,1,8,9,23,4,1,1,51,6.0
17.348462,73.732735,3.06,4,2015,17,2010,17.3,73.7,2,9,16,50,4,3,2,1,1.0
17.384205,73.714362,1000.0,12,2007,13,2000,17.4,73.7,2,9,15,10,4,3,3,51,1.0
17.552993,73.512961,3729.0,10,1953,9,1950,17.6,73.5,2,12,8,18,4,3,1,29,1.0
17.439792,73.69997,1000.0,7,2016,29,2010,17.4,73.7,1,8,9,23,4,1,0,51,1.0
17.433333,73.7116,1000.0,3,2020,7,2020,17.4,73.7,1,8,9,23,4,1,2,51,6.0
17.412397,73.718576,1000.0,7,2019,23,2010,17.4,73.7,2,10,23,24,4,1,0,51,1.0
